<?xml version="1.0" encoding="UTF-8"?><rss version="2.0"
	xmlns:content="http://purl.org/rss/1.0/modules/content/"
	xmlns:dc="http://purl.org/dc/elements/1.1/"
	xmlns:atom="http://www.w3.org/2005/Atom"
	xmlns:sy="http://purl.org/rss/1.0/modules/syndication/"
	
	>
<channel>
	<title>
	Comments on: KANDUNGAN SKINCARE (NIACINAMIDE) UNTUK KULIT SENSITIF	</title>
	<atom:link href="https://localhost/wordpress/wordpress/kandungan-skincare-niacinamide-untuk-kulit-sensitif/kandungan-skincare-niacinamide-untuk-kulit-sensitif/feed/" rel="self" type="application/rss+xml" />
	<link>https://localhost/wordpress/wordpress/kandungan-skincare-niacinamide-untuk-kulit-sensitif/kandungan-skincare-niacinamide-untuk-kulit-sensitif/</link>
	<description></description>
	<lastBuildDate>Mon, 18 Dec 2023 01:07:45 +0000</lastBuildDate>
	<sy:updatePeriod>
	hourly	</sy:updatePeriod>
	<sy:updateFrequency>
	1	</sy:updateFrequency>
	<generator>https://wordpress.org/?v=6.4.2</generator>
</channel>
</rss>
