<?xml version="1.0" encoding="UTF-8"?><rss version="2.0"
	xmlns:content="http://purl.org/rss/1.0/modules/content/"
	xmlns:wfw="http://wellformedweb.org/CommentAPI/"
	xmlns:dc="http://purl.org/dc/elements/1.1/"
	xmlns:atom="http://www.w3.org/2005/Atom"
	xmlns:sy="http://purl.org/rss/1.0/modules/syndication/"
	xmlns:slash="http://purl.org/rss/1.0/modules/slash/"
	>

<channel>
	<title>niacinamide &#8211; blog</title>
	<atom:link href="https://localhost/wordpress/wordpress/kandungan-skincare-niacinamide-untuk-kulit-sensitif/tag/niacinamide/feed/" rel="self" type="application/rss+xml" />
	<link>https://localhost/wordpress/wordpress/kandungan-skincare-niacinamide-untuk-kulit-sensitif</link>
	<description></description>
	<lastBuildDate>Mon, 18 Dec 2023 01:07:45 +0000</lastBuildDate>
	<language>en-US</language>
	<sy:updatePeriod>
	hourly	</sy:updatePeriod>
	<sy:updateFrequency>
	1	</sy:updateFrequency>
	<generator>https://wordpress.org/?v=6.4.2</generator>
	<item>
		<title>KANDUNGAN SKINCARE (NIACINAMIDE) UNTUK KULIT SENSITIF</title>
		<link>https://localhost/wordpress/wordpress/kandungan-skincare-niacinamide-untuk-kulit-sensitif/kandungan-skincare-niacinamide-untuk-kulit-sensitif/</link>
					<comments>https://localhost/wordpress/wordpress/kandungan-skincare-niacinamide-untuk-kulit-sensitif/kandungan-skincare-niacinamide-untuk-kulit-sensitif/#respond</comments>
		
		<dc:creator><![CDATA[admin]]></dc:creator>
		<pubDate>Mon, 18 Dec 2023 01:07:45 +0000</pubDate>
				<category><![CDATA[information]]></category>
		<category><![CDATA[niacinamide]]></category>
		<category><![CDATA[skincare]]></category>
		<guid isPermaLink="false">https://localhost/wordpress/wordpress/kandungan-skincare-niacinamide-untuk-kulit-sensitif/?p=17</guid>

					<description><![CDATA[APA ITU NIACINAMIDE? Niacinamide atau biasa dikenal juga dengan nicotinamide adalah salah satu bentuk vitamin B3. Niacinamide ini sangat baik untuk skin barrier, formula aktifnya bisa memperbaiki dan mengurangi kerusakan dari pengaruh eksternal seperti polusi dan sinar UV.Dalam berbagai produk, kadar niacinamide cukup beragam sehingga semakin tinggi kadarnya maka semakin tinggi juga risiko iritasinya. Sehingga [&#8230;]]]></description>
										<content:encoded><![CDATA[
<p><strong>APA ITU NIACINAMIDE?</strong></p>



<figure class="wp-block-image size-full is-resized"><img fetchpriority="high" decoding="async" width="631" height="414" src="https://localhost/wordpress/wordpress/kandungan-skincare-niacinamide-untuk-kulit-sensitif/wp-content/uploads/2023/12/image.png" alt="" class="wp-image-18" style="width:472px;height:auto"/></figure>



<p>Niacinamide atau biasa dikenal juga dengan nicotinamide adalah salah satu bentuk vitamin B3. Niacinamide ini sangat baik untuk skin barrier, formula aktifnya bisa memperbaiki dan mengurangi kerusakan dari pengaruh eksternal seperti polusi dan sinar UV.<br>Dalam berbagai produk, kadar niacinamide cukup beragam sehingga semakin tinggi kadarnya maka semakin tinggi juga risiko iritasinya. Sehingga untuk kulit sensitif sebaiknya pilih produk dengan kandungan niacinamide sebesar 2-5%.</p>



<p><strong>MANFAAT NIACINAMIDE</strong></p>



<ol>
<li>Mengontrol Produksi Minyak </li>
</ol>



<p>Niacinamide dapat membantu mengontrol produksi minyak berlebih di kulit. Ini menjadikannya bahan yang bermanfaat untuk mengatasi masalah kulit berminyak atau cenderung berjerawat. Dengan mengurangi produksi minyak, niacinamide membantu mencegah penumpukan minyak yang berlebihan, sehingga mengurangi risiko terjadinya jerawat dan menjaga kulit tampak lebih segar.</p>



<p>Hal yang paling penting adalah skincare yang mengandung niacinamide cenderung tidak akan mengiritasi dan memperparah kondisi kulit wajah. Jadi pemilik kulit wajah sensitif bisa menggunakan moisturizer ataupun serum yang mengandung niacinamide dengan aman.</p>



<p>2. Mencerahkan dan Meratakan Warna Kulit</p>



<p>Niacinamide terbukti efektif dalam mengurangi tampilan bintik-bintik gelap, hiperpigmentasi, dan warna kulit yang tidak merata. Dengan menghambat transfer melanin ke permukaan kulit, niacinamide membantu mencapai warna kulit yang lebih merata dan bercahaya.</p>



<p>3. Memudarkan Bekas Jerawat</p>



<p>Niacinamide tidak hanya bisa mengobati jerawat, tetapi juga membantu menghilangkan bekas jerawat di wajah. Manfaat ini bisa didapatkan dengan menggunakan produk skincare yang mengandung niacinamide sebesar 5%.</p>



<p>4. Meredakan Kemerahan dan Iritasi</p>



<p>Skincare yang mengandung niacinamide memiliki sifat anti-inflamasi, niacinamide yang dapat membantu meredakan iritasi dan kemerahan pada kulit, membuatnya ideal untuk kulit sensitif.</p>



<p><strong>ATURAN PAKAI NIACINAMIDE</strong></p>



<p>Niacinamide bisa digunakan pada pagi maupun malam hari. Untuk mencegah iritasi kulit. Anda disarankan untuk menggunakan produk perawatan wajah yang mengandung niacinamide dengan kadar tidak lebih dari 5%.</p>
]]></content:encoded>
					
					<wfw:commentRss>https://localhost/wordpress/wordpress/kandungan-skincare-niacinamide-untuk-kulit-sensitif/kandungan-skincare-niacinamide-untuk-kulit-sensitif/feed/</wfw:commentRss>
			<slash:comments>0</slash:comments>
		
		
			</item>
	</channel>
</rss>
